Handle,Title,Body (HTML),Vendor,Standardized Product Type,Custom Product Type,Tags,Published,Option1 Name,Option1 Value,Option2 Name,Option2 Value,Option3 Name,Option3 Value,Variant SKU,Variant Grams,Variant Inventory Tracker,Variant Inventory Qty,Variant Inventory Policy,Variant Fulfillment Service,Variant Price,Variant Compare At Price,Variant Requires Shipping,Variant Taxable,Variant Barcode,Image Src,Image Position,Image Alt Text,Gift Card,SEO Title,SEO Description,Google Shopping / Google Product Category,Google Shopping / Gender,Google Shopping / Age Group,Google Shopping / MPN,Google Shopping / AdWords Grouping,Google Shopping / AdWords Labels,Google Shopping / Condition,Google Shopping / Custom Product,Google Shopping / Custom Label 0,Google Shopping / Custom Label 1,Google Shopping / Custom Label 2,Google Shopping / Custom Label 3,Google Shopping / Custom Label 4,Variant Image,Variant Weight Unit,Variant Tax Code,Cost per item,Status
vitamina-c-serum-facial,Vitamina C - Serum facial,"<h1><strong><span style=""color: #ff8000;"">Vitamina C 15%</span></strong></h1>
<p><span style=""color: #000000;"">AOX COMPLEX</span></p>
<h2><span style=""color: #ff8000;"">TRIPLE ACCIÓN: antioxidante, luminosidad, antiage.</span></h2>
<p><span style=""color: #000000;"">Efecto antipolución</span></p>
<p><span style=""color: #000000;"">Dermatológicamente testeado</span></p>
<p><span style=""color: #000000;"">Para todo tipo de piel</span></p>
<h2><span style=""color: #ff8000;"">DESCRIPCIÓN</span></h2>
<p><span style=""color: #000000;"">MONODOSIS ANTIOXIDANTES DE USO DIARIO.</span></p>
<p><span style=""color: #000000;"">Fórmula a base de Vitamina C + E + Hydra Skin + Ácido Ferúlico, una combinación de potentes antioxidantes que ayudan a proteger la piel contra los radicales libres y agentes externos, ayudando a prevenir y a mejorar los signos del envejecimientos, las arrugas finales y promoviendo la producción de colágeno y elastina para una piel más iluminada y rejuvenecida.</span></p>
<h2><span style=""color: #ff8000;"">ACTIVOS</span></h2>
<p><span style=""color: #000000;"">15% Vitamina C</span></p>
<p><span style=""color: #000000;"">1% Hydra skin</span></p>
<p><span style=""color: #000000;"">0,5% Vitamina E</span></p>
<p><span style=""color: #000000;"">0,5% Ácido Ferúlico</span></p>
<h3>
<span style=""color: #ff8000;"">Vitamina C (L-ASCORBIC ACID) + Vitamina E + Ácido Ferúlico</span><span style=""color: #ff8000;"">:</span>
</h3>
<p><span style=""color: #000000;"">Combinación de potentes antioxidantes que neutralizan las radicales libres que causan el estrés oxidativo en la piel y provocan su envejecimiento prematuro. Promueven la formación de colágeno, protegen la barrera cutánea y devuelven luminosidad.</span></p>
<h3><span style=""color: #ff8000;"">Hydra Skin:</span></h3>
<p><span style=""color: #000000;"">Activo hidratante rico en factores anturales de hidratación (NMF) y osmoprotector frente a factores externos como cambios de humedad y temperatura.</span></p>
<h2><span style=""color: #ff8000;"">PRESENTACIÓN</span></h2>
<p><span style=""color: #000000;"">﻿30 monodosis de 1g cada una.</span></p>",mishinpi,,,"",true,Title,Default Title,,,,,0,0.0,shopify,4,deny,manual,4200.00,,true,true,"",https://cdn.shopify.com/s/files/1/0415/5392/0151/products/VitaminaC.png?v=1649804944,1,,false,,,,,,,,,,,,,,,,,kg,,,active
lips-glow,Lips Glow,"<p>HIDRATACIÓN + VOLUMEN 3D</p>
<h2><span style=""color: #b75d05;"">DESCRIPCIÓN</span></h2>
<p><span style=""color: #000000;"">Sulderm lips Glow es un bálsamo labial con un alto poder hidratante y nutritivo que refuerza la función barrera, reparando y mejorando el aspecto de los labios, Con efecto voluminizador 3D y antienvejecimiento. Ideal para complementar tratamientos de relleno de labios. </span></p>
<h2><span style=""color: #b75d05;"">ACTIVOS</span></h2>
<p><span style=""color: #000000;"">Manteca de karité 20%</span></p>
<p><span style=""color: #000000;"">Aceite de jojoba 5%</span></p>
<p><span style=""color: #000000;"">Hilurlip 2%</span></p>
<p><span style=""color: #000000;"">Dragon blood 2%</span></p>
<p><span style=""color: #000000;"">Volulip 1%</span></p>
<p><span style=""color: #000000;"">Mentol 0,5%</span></p>
<p><span style=""color: #000000;"">Vitamina E 0,3%</span></p>
<h3><span style=""color: #b75d05;"">Manteca de Karité, Aceite de Jojoba y Dragon Blood:</span></h3>
<p><span style=""color: #000000;"">Complejo nutritivo con un alto poder regenerador y emoliente, que mejora la textura de los labios secos y agrietados, proporcionando suavidad y luminosidad.</span></p>
<h3><span style=""color: #b75d05;"">Volulip:</span></h3>
<p><span style=""color: #b75d05;""><span style=""color: #000000;"">Péptido combinado con un extracto de Portulaca pilosa (antioxidante) que promueve hidratación, suavidad y aumenta el volumen de los labios, mejorando textura y perfilado.</span> </span></p>
<h3><span style=""color: #b75d05;"">Hilurlip:</span></h3>
<p><span style=""color: #000000;"">Suspensión de ácido hialurónico con una alta penetración y eficacia para aumentar la hidratación y el volumen, promoviendo la generación endógena de HA y brindando un relleno natural</span></p>
<h2><span style=""color: #b75d05;"">PRESENTACIÓN</span></h2>
<p><span style=""color: #000000;"">7g</span></p>
<h3><span style=""color: #b75d05;""></span></h3>",mishinpi,,,"",true,Title,Default Title,,,,,1,0.0,shopify,1,deny,manual,2200.00,,true,true,"",https://cdn.shopify.com/s/files/1/0415/5392/0151/products/LipsGlow.png?v=1649374922,1,,false,,,,,,,,,,,,,,,,,kg,,,active
lips-scrub,Lips Scrub,"<p>EXFOLIACIÓN + REGENERACIÓN</p>
<h2>DESCRIPCIÓN</h2>
<p>Sulderm Scrub labios es una combinación de vitamina C, azúcar y semillas de maracuyá, que proporcionaran una efectiva y suave exfoliación, promoviendo la renovación celular.</p>
<p>Complementando con activos nutritivos y regeneradores como la manteca de karité y aceites naturales de girasol y jojoba.</p>
<h2>ACTIVOS</h2>
<p>Manteca de karité 20%</p>
<p>Azúcar 7%</p>
<p>Aceite de girasol 5%</p>
<p>Aceite de jojoba 5%</p>
<p>Semillas de maracuyá 3%</p>
<p>Dragon blood 2%</p>
<p>Vitamina C 1%</p>
<p>Vitamina E 0,3%</p>
<h3><strong>Manteca de Karité, Aceite de Girasol, Aceite de Jojoba y Dragon Blood:</strong></h3>
<p>Complejo nutritivo con un alto poder regenerador y emoliente, que mejora la textura de los labios secos y agrietados, proporcionando suavidad y luminosidad.</p>
<h3><strong>Vitamina C y Vitamina E: </strong></h3>
<p>﻿Antioxidante que protegen la piel de los radicales libres y ayudan a prevenir el envejecimiento prematuro. </p>
<h3><strong></strong></h3>
<h2>PRESENTACIÓN</h2>
<p>7g</p>
<p><strong><br></strong></p>",mishinpi,,,"",true,Title,Default Title,,,,,2,0.0,shopify,2,deny,manual,2200.00,,true,true,"",https://cdn.shopify.com/s/files/1/0415/5392/0151/products/LipsScrub.png?v=1649374481,1,,false,,,,,,,,,,,,,,,,,kg,,,active
jabon-de-limpieza-intimo-prebiotico,Jabón de limpieza íntimo prebiótico,"<p data-mce-fragment=""1""><strong><span style=""color: #000000;"" data-mce-fragment=""1"" data-mce-style=""color: #000000;"">Jabón de limpieza íntimo prebiótico CON ÁCIDO LÁCTICO. pH 4,5 - balanceado</span></strong></p>
<h2 data-mce-fragment=""1""><span style=""color: #ce9bb6;"" data-mce-fragment=""1"" data-mce-style=""color: #ce9bb6;""><strong data-mce-fragment=""1"">DESCRIPCIÓN</strong></span></h2>
<p><span style=""color: #000000;"" data-mce-fragment=""1"" data-mce-style=""color: #ce9bb6;"">Jabón líquido de limpieza formulado específicamente para el área íntima, brindando higiene, seguridad y confort. Con ácido láctico que ayuda a mantener equilibrada la flora microbiota vulvo vaginal brindando un cuidado protector.</span></p>
<h2 data-mce-fragment=""1""><span style=""color: #ce9bb6;"" data-mce-fragment=""1"" data-mce-style=""color: #ce9bb6;""><strong data-mce-fragment=""1"">ACTIVOS</strong></span></h2>
<p><span style=""color: #000000;"" data-mce-fragment=""1"" data-mce-style=""color: #ce9bb6;"">Soothex 2%</span></p>
<p><span style=""color: #000000;"" data-mce-fragment=""1"" data-mce-style=""color: #ce9bb6;"">Ácido láctico 1,5%</span></p>
<p><span style=""color: #000000;"" data-mce-fragment=""1"" data-mce-style=""color: #ce9bb6;"">Bioecolia 1%</span></p>
<p><span style=""color: #000000;"" data-mce-fragment=""1"" data-mce-style=""color: #ce9bb6;"">Oligovita 0,5%</span></p>
<h3 data-mce-fragment=""1""><span style=""color: #ce9bb6;"" data-mce-style=""color: #ce9bb6;"" data-mce-fragment=""1""><strong data-mce-fragment=""1"">Soothex (Extracto de Boswellia serrata):</strong></span></h3>
<p><span style=""color: #000000;"">Ayuda a disminuir el enrojecimiento y la irritación en pieles sensibles.</span></p>
<h3 data-mce-fragment=""1""><span style=""color: #ce9bb6;"" data-mce-style=""color: #ce9bb6;"" data-mce-fragment=""1""><strong data-mce-fragment=""1"">Ácido Láctico:</strong></span></h3>
<p><span style=""color: #000000;"" data-mce-style=""color: #ce9bb6;"" data-mce-fragment=""1"">Ayuda a mantener la hidratación y el pH del área íntima.</span></p>
<h3 data-mce-fragment=""1""><span style=""color: #ce9bb6;"" data-mce-style=""color: #ce9bb6;"" data-mce-fragment=""1""><strong data-mce-fragment=""1"">Bioecolia:</strong></span></h3>
<p><span style=""color: #000000;"" data-mce-style=""color: #ce9bb6;"" data-mce-fragment=""1"">Prebiótico (oligosacárido), que promueve el crecimiento y equilibrio del microbioma de la piel, ayudando a la protección y bioestimulación de las defensas naturales de la piel.</span></p>
<h3 data-mce-fragment=""1""><span style=""color: #ce9bb6;"" data-mce-style=""color: #ce9bb6;"" data-mce-fragment=""1""><strong data-mce-fragment=""1"">Oligovita:</strong></span></h3>
<p data-mce-fragment=""1""><span style=""color: #000000;"">﻿Rico en oligoelementos esenciales vegetales que ayudan a revitalizar y suavizar las pieles.</span><br></p>
<h2 data-mce-fragment=""1""><span style=""color: #ce9bb6;"" data-mce-fragment=""1"" data-mce-style=""color: #ce9bb6;""><strong data-mce-fragment=""1""></strong></span></h2>
<h2><span style=""color: #ce9bb6;"" data-mce-style=""color: #ce9bb6;""><strong>PRESENTACIÓN</strong></span></h2>
<p><span style=""color: #000000;"" data-mce-style=""color: #ce9bb6;"">150g</span></p>",mishinpi,,,"",true,Title,Default Title,,,,,3,0.0,shopify,0,deny,manual,3000.00,,true,true,"",https://cdn.shopify.com/s/files/1/0415/5392/0151/products/Jabondelimpiezaintimo.png?v=1649373412,1,,false,,,,,,,,,,,,,,,,,kg,,,active
gel-lubricante-intimo,Gel lubricante íntimo,"<p>NO AFECTA AL LÁTEX</p>
<p>Lubricación por más tiempo</p>
<p>Uso externo</p>
<h2><span style=""color: #ce9bb6;"" data-mce-style=""color: #ce9bb6;""><strong>DESCRIPCIÓN</strong></span></h2>
<p><span style=""color: #000000;"" data-mce-style=""color: #ce9bb6;"">Gel a base de glicerina y siliconas que permiten una lubricación y humectación inmediata y más prolongada.</span></p>
<h2><span style=""color: #ce9bb6;"" data-mce-style=""color: #ce9bb6;""><strong>ACTIVOS</strong></span></h2>
<p><span style=""color: #000000;"" data-mce-style=""color: #ce9bb6;"">Silicona</span></p>
<p><span style=""color: #000000;"" data-mce-style=""color: #ce9bb6;"">Glicerina</span></p>
<h2><span style=""color: #ce9bb6;"" data-mce-style=""color: #ce9bb6;""><strong>PRESENTACIÓN</strong></span></h2>
<p><span style=""color: #000000;"" data-mce-style=""color: #ce9bb6;"">﻿50g</span></p>",mishinpi,,,"",true,Title,Default Title,,,,,4,0.0,shopify,3,deny,manual,2500.00,,true,true,"",https://cdn.shopify.com/s/files/1/0415/5392/0151/products/Gellubricante.png?v=1649373475,1,,false,,,,,,,,,,,,,,,,,kg,,,active
crema-humectante-intima-prebiotica,Crema humectante íntima prebiótica,"<p><span style=""color: #000000;"" data-mce-style=""color: #ce9bb6;"">Rápida absorción</span></p>
<p><span style=""color: #000000;"" data-mce-style=""color: #ce9bb6;"">Humecta y protege</span></p>
<p> </p>
<h2><span style=""color: #ce9bb6;"" data-mce-style=""color: #ce9bb6;""><strong>DESCRIPCIÓN</strong></span></h2>
<p>Crema humectante de rápida absorción. Formulada con aceites vegetales que brindan un cuidado protector de la piel de microbiota vulvo vaginal. Mantiene la piel humectada y protegida.</p>
<h2><span style=""color: #ce9bb6;""><strong>ACTIVOS</strong></span></h2>
<p>Omega Max 3%</p>
<p>Aceite de jojoba 1%</p>
<p>Manteca de karité 1%</p>
<p>Bioecolia 1%</p>
<p>Vitamina E 0,2%</p>
<h3><span style=""color: #ce9bb6;"" data-mce-style=""color: #ce9bb6;"">Omega max, aceite de jojoba y manteca de karité:</span></h3>
<p><span style=""color: #ce9bb6;"" data-mce-style=""color: #ce9bb6;""><span style=""color: #000000;"">Combinación de aceites naturales ricos en ácidos grasos esenciales, omegas y manteca de karité que humectan y fortalecen la barrera cutánea, revitalizan y mejoran la elasticidad de la piel.</span><br></span></p>
<h3><span style=""color: #ce9bb6;"" data-mce-style=""color: #ce9bb6;"">Bioecolia:</span></h3>
<p><span style=""color: #000000;"" data-mce-style=""color: #ce9bb6;"">Prebiótico (oligosacárido), que promueve el crecimiento y equilibrio del microbioma de la piel, ayudando a la protección y bioestimulación de las defensas naturales de la piel.</span></p>
<h3><span style=""color: #ce9bb6;"" data-mce-style=""color: #ce9bb6;"">Vitamina e:</span></h3>
<p><span style=""color: #ce9bb6;"" data-mce-style=""color: #ce9bb6;""><span style=""color: #000000;"">Poder antioxidante</span><br></span></p>
<h2><span style=""color: #ce9bb6;"" data-mce-style=""color: #ce9bb6;""><strong>PRESENTACIÓN</strong></span></h2>
<p><span style=""color: #000000;"" data-mce-style=""color: #ce9bb6;"">50g</span></p>
<h2><span style=""color: #ce9bb6;"" data-mce-style=""color: #ce9bb6;""><strong></strong></span></h2>",mishinpi,,,"",true,Title,Default Title,,,,,5,0.0,shopify,2,deny,manual,2500.00,,true,true,"",https://cdn.shopify.com/s/files/1/0415/5392/0151/products/Cremahumectanteintima.png?v=1649373437,1,,false,,,,,,,,,,,,,,,,,kg,,,active
celuflex-c-vitamina-c,Celuflex C Vitamina C,"CELUFLEX C<br data-mce-fragment=""1"">Serum. Alta potencia.<br data-mce-fragment=""1"">Antiaging. La solución antioxidante – Exfoliativa dérmica.<br data-mce-fragment=""1""><br data-mce-fragment=""1"">Ingredientes<br data-mce-fragment=""1"">Vitamina C al 15%.<br data-mce-fragment=""1"">Contiene únicamente vitamina C y por su acción exfoliativa mejora la actividad a nivel subdérmico del Rostro (Producto no irritante)<br data-mce-fragment=""1""><br data-mce-fragment=""1"">Tratamiento<br data-mce-fragment=""1"">Aplicar con la piel limpia 2 veces al día, colocar 1 gota en la extremidad de un dedo y masajear suavemente el área deseada. Apto para párpados.<br data-mce-fragment=""1""><br data-mce-fragment=""1"">Utilización<br data-mce-fragment=""1"">Utilizarlo durante 3 meses en su primera instancia.<br data-mce-fragment=""1"">Serum<br data-mce-fragment=""1""><br data-mce-fragment=""1"">Presentación<br data-mce-fragment=""1"">Frasco Gotero con estuche con 15ml",mishinpi,,,"",true,Title,Default Title,,,,,6,0.0,shopify,2,deny,manual,3570.00,,true,true,"",https://cdn.shopify.com/s/files/1/0415/5392/0151/products/CELUFLEX-C-2.jpg?v=1649127620,1,,false,,,,,,,,,,,,,,,,,kg,,,active
celuflex-h-serum-acido-hialuronico,Celuflex H Serum Ácido Hialurónico,"Celuflex H Serum Alta Potencia<br data-mce-fragment=""1""><br data-mce-fragment=""1"">Serum de alta potencia con acción antiaging. Nutritivo y reestructurante dérmico.<br data-mce-fragment=""1"">Hidratante superior para utilizar como gel nutritivo en todo tipo de piel. Cara y cuello (producto no irritante).<br data-mce-fragment=""1"">Hidrata y retiene agua por poseer propiedades hidratantes e higroscópicas únicas.<br data-mce-fragment=""1""><br data-mce-fragment=""1"">DESCRIPCIÓN<br data-mce-fragment=""1"">- Acción antiage<br data-mce-fragment=""1"">- Nutritivo<br data-mce-fragment=""1"">- Hidratante<br data-mce-fragment=""1"">- Restructurante dérmico<br data-mce-fragment=""1"">- Apto para párpados<br data-mce-fragment=""1""><br data-mce-fragment=""1"">MODO DE USO<br data-mce-fragment=""1"">Aplicar con la piel limpia 2 veces al día, colocar 1 gota en la extremidad de un dedo y masajear suavemente el área deseada.<br data-mce-fragment=""1"">Apto para párpados.<br data-mce-fragment=""1"">Utilizarlo durante 3 meses en su primera instancia.<br data-mce-fragment=""1""><br data-mce-fragment=""1"">COMPOSICIÓN<br data-mce-fragment=""1"">Ácido concentrado<br data-mce-fragment=""1"">Ácido Hialurónico<br data-mce-fragment=""1"">Vitamina B5<br data-mce-fragment=""1"">Vitamina E<br data-mce-fragment=""1"">Parsol MCX<br data-mce-fragment=""1""><br data-mce-fragment=""1"">PRESENTACIONES<br data-mce-fragment=""1"">Frasco Gotero con estuche de 15ml",mishinpi,,,"",true,Title,Default Title,,,,,7,0.0,shopify,8,deny,manual,3570.00,,true,true,"",https://cdn.shopify.com/s/files/1/0415/5392/0151/products/CELUFLEX-H-2.jpg?v=1649127544,1,,false,,,,,,,,,,,,,,,,,kg,,,active
celuflex-ar-serum-alta-potencia,Celuflex Ar Serum Alta Potencia,"CELUFLEX AR<br data-mce-fragment=""1"">Contextura<br data-mce-fragment=""1"">Serum Gel<br data-mce-fragment=""1""><br data-mce-fragment=""1"">Ingredientes<br data-mce-fragment=""1"">Argireline, Vitamina E, Parsol MCX.<br data-mce-fragment=""1""><br data-mce-fragment=""1"">Tratamiento<br data-mce-fragment=""1"">Contiene Argireline, que con su uso tópico local provoca una relajación de los movimientos y contracciones involuntarias de los músculos faciales, aun cuando se descansa. Además suma las bondades cosméticas de la vitamina E en uso tópico como antioxidante y anti-radicales libres y todo apoyado con un filtro solar. Apto para párpados.<br data-mce-fragment=""1""><br data-mce-fragment=""1"">Utilización<br data-mce-fragment=""1"">Aplicar con la piel limpia 2 veces al día, colocar 1 gota en la extremidad de un dedo y masajear suavemente el área deseada. Apto para párpados. Utilizarlo durante 3 meses en su primera instancia.<br data-mce-fragment=""1""><br data-mce-fragment=""1"">Presentación<br data-mce-fragment=""1"">Frasco Gotero con estuche con 15ml.",mishinpi,,,"",true,Title,Default Title,,,,,8,0.0,shopify,4,deny,manual,3570.00,,true,true,"",https://cdn.shopify.com/s/files/1/0415/5392/0151/products/CELUFLEX-AR-2.jpg?v=1649127480,1,,false,,,,,,,,,,,,,,,,,kg,,,active
celuflex-dmae-estabilizador-de-la-membrana-celular,Celuflex Dmae Estabilizador De La Membrana Celular,"CELUFLEX® DMAE<br data-mce-fragment=""1""><br data-mce-fragment=""1"">Función<br data-mce-fragment=""1"">Alta potencia.<br data-mce-fragment=""1"">Bioestabilizador de la membrana celular del rostro.<br data-mce-fragment=""1"">PSICOTROPICO.<br data-mce-fragment=""1""><br data-mce-fragment=""1"">Contextura<br data-mce-fragment=""1"">Serum Gel.<br data-mce-fragment=""1""><br data-mce-fragment=""1"">Ingredientes<br data-mce-fragment=""1"">Dimetilaminoetanol,Vitamina E, Parsol MCX.<br data-mce-fragment=""1""><br data-mce-fragment=""1"">Tratamiento<br data-mce-fragment=""1"">Es un Bioestabilizador de la membrana celular que protege a la piel de los Radicales Libres, ayudando a eliminar toxinas y siendo precursor de la Acetilcolina, elevando la cantidad de la misma, para mejorar el tono muscular de la zona tratada.<br data-mce-fragment=""1""><br data-mce-fragment=""1"">Utilización<br data-mce-fragment=""1"">Aplicar con la piel limpia 2 veces al día, colocar 1 gota en la extremidad de un dedo y masajear suavemente el área deseada. Apto para párpados. Utilizarlo durante 3 meses en su primera instancia.<br data-mce-fragment=""1""><br data-mce-fragment=""1"">Presentación<br data-mce-fragment=""1"">Frasco Gotero con estuche con 15ml",mishinpi,,,"",true,Title,Default Title,,,,,9,0.0,shopify,3,deny,manual,3570.00,,true,true,"",https://cdn.shopify.com/s/files/1/0415/5392/0151/products/CELUFLEX-DMAE-2.jpg?v=1649127273,1,,false,,,,,,,,,,,,,,,,,kg,,,active
kit-noche,Kit Noche,"",mishinpi,,,"",true,Title,Default Title,,,,,30-26-24,0.0,shopify,10,deny,manual,5600.00,8000.00,true,true,"",https://cdn.shopify.com/s/files/1/0415/5392/0151/products/Combos-04.png?v=1647477064,1,,false,,,,,,,,,,,,,,,,,kg,,,active
kit-dia,Kit Día,"",mishinpi,,,"",true,Title,Default Title,,,,,26-31,0.0,shopify,6,deny,manual,4240.00,6250.00,true,true,"",https://cdn.shopify.com/s/files/1/0415/5392/0151/products/KitDia.png?v=1647476871,1,,false,,,,,,,,,,,,,,,,,kg,,,active
crema-hidratante-corporal-supreme,CREMA HIDRATANTE CORPORAL SUPREME,"<p>HIDRATACIÓN CORPORAL</p>
<p>CREMA HIDRATANTE CORPORAL SUPREME</p>
<p>Urea + Karité</p>
<p>Hydra Nutriskin</p>
<p>Rosa de Jericó</p>
<p> </p>
<p>Fragancia fresca</p>
<p>Libre de parabenos</p>
<p> </p>
<p>PRESENTACIÓN</p>
<p>300g</p>
<p> </p>
<p>ACTIVOS</p>
<p>Lipomoist 2013 5%</p>
<p>Omega Max 5%</p>
<p>Rosa de Jericó 3%</p>
<p>Lactil 3%</p>
<p>Manteca de karité 2%</p>
<p>Urea 2%</p>
<p>Oligovita 1%</p>
<p>Hydra Skin 1%</p>
<p> </p>
<p>DESCRIPCIÓN</p>
<p>Una fórmula súper hidratante, de rápida absorción que no deja efecto graso, para una piel suave, hidratada y radiante durante todo el día. Contiene un blend de activos hidratantes y nutritivos, rico en omegas, micronutrientes esenciales y aminoácidos que reparan la función barrera de la piel, la mantiene hidratada y devuelve la elasticidad.</p>
<p>Se realizó un estudio en voluntarios de distintas edades y piel deshumectada, que evidenció un aumento del 29% de la humectación de la piel, manteniéndolo por 24 horas.</p>",mishinpi,,,"",true,Title,Default Title,,,,,10,0.0,shopify,2,deny,manual,4000.00,,true,true,"",https://cdn.shopify.com/s/files/1/0415/5392/0151/products/Cremahidratante.png?v=1640368220,1,,false,,,,,,,,,,,,,,,,,kg,,,active
ultra-defense,Ultra Defense,"<p>ANTIAGE</p>
<p>Ultra Defense. Ácido Glicólico 10%</p>
<p> </p>
<p>CREMA NOCTURNA</p>
<p>Restauración celular</p>
<p>Acción exfoliante</p>
<p> </p>
<p>Ácido Glicólico:</p>
<p>Promueve la regeneración celular</p>
<p>Estimula la formación de colágeno y elastina</p>
<p>Disminuye manchas y unifica el color de la piel</p>
<p>Incrementa la hidratacion cutánea</p>
<p> </p>
<p>Extracto de boswellia serrata:</p>
<p>Tiene la capacidad de evitar el enrojecimiento y disminuir la irritación</p>
<p> </p>
<p>PRESENTACION</p>
<p>50g</p>
<p> </p>
<p>ACTIVOS</p>
<p>Glicólico 10%</p>
<p>Extracto de boswellia serrata 2,5%</p>
<p> </p>
<p>DESCRIPCIÓN</p>
<p>Crema antiage nocturna con 10% de ácido glicólico para promover la regeneración celular y combatir los signos de envejecimiento.</p>
<p>No provoca irritación. Brinda una piel lisa, flexible y luminosa.</p>",mishinpi,,,"",true,Title,Default Title,,,,,11,0.0,shopify,6,deny,manual,2700.00,,true,true,"",https://cdn.shopify.com/s/files/1/0415/5392/0151/products/UltraDefense.png?v=1640369088,1,,false,,,,,,,,,,,,,,,,,kg,,,active
copia-de-serum-xpressiones,Serum Redensity. COLÁGENO,"<p>Serum Redemsity. COLÁGENO</p>
<p>Remodelador </p>
<p>Redensificante </p>
<p>Reafirmante</p>
<p>Previene la aparición de arrugas y flacidéz</p>
<p>Estimulan la producción de colágeno y la renovación celular.</p>
<p> </p>
<p>DE 2 A 3 MESES DE TRATAMIENTO</p>
<p>Pepti Age + Silicio:<br></p>
<p>Matrixyl 3000, Trulagen, Fragosine y Algisium C.</p>
<p> </p>
<p>Estomula la síntesis de cplágeno y elastina, controlan la dimensión de las fibras e inhiben su degradación.</p>
<p>Antioxidante</p>
<p>Disminuye arrugas y líneas de expresión</p>
<p>Piel más tensa y redinsificada</p>
<p>Efecto lifting</p>
<p> </p>
<p> </p>
<p>PRESENTACIÖN</p>
<p>15g</p>
<p> </p>
<p>ACTIVOS</p>
<p>Trylagen 5%</p>
<p>Matrixyl 3000 3%</p>
<p>Dragosine 0.1%</p>
<p>Algisium C 3%</p>
<p> </p>
<p>DESCRIPCIÓN</p>
<p> </p>
<p>Tratamiento concentrado de péptidos y Silicio para estimular, organizar y proteger las proteínas de la matriz celular.</p>
<p>Colágeno y elastina 360.</p>
<p>Reestructura, redensifica y redefine.</p>
<p> </p>",mishinpi,,,"",true,Title,Default Title,,,,,12,0.0,shopify,3,deny,manual,2400.00,,true,true,"",https://cdn.shopify.com/s/files/1/0415/5392/0151/products/SerumRedensity_jpg.png?v=1640368621,1,,false,,,,,,,,,,,,,,,,,kg,,,active
serum-xpressiones,Serum Xpressiones,"<p>Serum Xpression</p>
<p>Tratamiento concentrado para arrugas de expreión</p>
<p>Complemento al uso de toxina</p>
<p> </p>
<p>DE 2 A 3 MESES DE TRATAMIENTO</p>
<p>Argireline y Leuphasyl:</p>
<p>Péptidos contra las lineas de expresión.</p>
<p><br></p>
<p>Relajan los músculos responsables de la formación de las líneas de expresión.</p>
<p> </p>
<p>Los músculos permanecen en reposo, previniendo la formación de arrugas y líneas de expresión.</p>
<p> </p>
<p>PRESENTACIÖN</p>
<p>15g</p>
<p> </p>
<p>ACTIVOS</p>
<p>Argireline 5%</p>
<p>Leuphasyl 10%</p>
<p> </p>
<p>DESCRIPCIÓN</p>
<p>Tratamiento concentrado para arrugas de expresión. Una combinación de péptidos que relajan la contracción musculas que promueve la formación de las arrugas de expresión.</p>
<p>Complemento ideal para tratamiento de toxina.</p>",mishinpi,,,"",true,Title,Default Title,,,,,13,0.0,shopify,5,deny,manual,2400.00,,true,true,"",https://cdn.shopify.com/s/files/1/0415/5392/0151/products/SerumXpression.png?v=1640368987,1,,false,,,,,,,,,,,,,,,,,kg,,,active
kit-verano-spray,Kit Verano Spray,"<p>Kit para protección solar facial y corporal!</p>
<p>Muy fácil de utilizar y aplicar!</p>
<p>Protección +50</p>",mishinpi,,,"",true,Title,Default Title,,,,,16-15,0.0,shopify,10,deny,manual,3995.00,4700.00,true,false,"",https://cdn.shopify.com/s/files/1/0415/5392/0151/products/KitVeranospray.png?v=1647478774,1,,false,,,,,,,,,,,,,,,,,kg,,,active
kit-verano-crema,Kit Verano Crema,"<p>Ideal para cuidar tu piel en verano!</p>
<ul>
<li>Protección Facial +50</li>
<li>Protección Corporal +50</li>
</ul>",mishinpi,,,"",true,Title,Default Title,,,,,19-14,0.0,shopify,0,deny,manual,5100.00,6000.00,true,false,"",https://cdn.shopify.com/s/files/1/0415/5392/0151/products/Kitveranocrema.png?v=1647478742,1,,false,,,,,,,,,,,,,,,,,kg,,,active
kit-diario-proteccion,Kit Diario + Protección,"",mishinpi,,,"",true,Title,Default Title,,,,,30-26-31-19,0.0,shopify,10,deny,manual,7120.00,9850.00,true,false,"",https://cdn.shopify.com/s/files/1/0415/5392/0151/products/Rutinadia_proteccion.png?v=1647478467,1,,false,,,,,,,,,,,,,,,,,kg,,,active
kit-completo-diario,Kit Completo Diario,"<p>Limpieza + Hidratación + Maquillaje + Protección, es todo lo que tu piel necesita!!</p>
<ul>
<li>Limpieza con Agua Micelar</li>
<li>Hidratación: Serum Hyaluronic + Hydra Filler Light</li>
<li>Maquillaje + Protección baja: BB Cream</li>
<li>Protección alta: Protector Solar UVB + UVA</li>
</ul>",mishinpi,,,"",true,Title,Default Title,,,,,31-30-21-26-19,0.0,shopify,9,deny,manual,8850.00,12750.00,true,false,"",https://cdn.shopify.com/s/files/1/0415/5392/0151/products/Combos-03.png?v=1647478312,1,,false,,,,,,,,,,,,,,,,,kg,,,active
protector-solar-fps50-emulsion-corporal-1,Protector Solar FPS50+  Emulsion Corporal,"<p data-mce-fragment=""1"">PROTECCIÓN SOLAR</p>
<p data-mce-fragment=""1"">FPS 50+. Emulsión Corporal</p>
<p data-mce-fragment=""1""> </p>
<p data-mce-fragment=""1"">Protección muy ALTA</p>
<p data-mce-fragment=""1"">Piel estremadamente sensible a la quemadura solar</p>
<p data-mce-fragment=""1"">Hipoalergénico</p>
<p data-mce-fragment=""1"">Dermatológicamente testeado</p>
<p data-mce-fragment=""1"">Libre de Parabenos</p>
<p data-mce-fragment=""1"">Apto para uso en niños a partir de los 6 meses</p>
<p data-mce-fragment=""1""> </p>
<p data-mce-fragment=""1"">Aquaxyl:</p>
<p data-mce-fragment=""1"">Activo multifuncional hidratante y reestructrante de origen natural. Mejora y fortalece la piel aumentando las resercas hídricas de la dermis y limitando su pérdida.</p>
<p data-mce-fragment=""1""> </p>
<p data-mce-fragment=""1"">Sepicalm:</p>
<p data-mce-fragment=""1"">Actúa descongestionando la piel y disminuyendo las rojeces provocadas por los rayos UV.</p>
<p data-mce-fragment=""1""> </p>
<p data-mce-fragment=""1"">PRESENTACION </p>
<p data-mce-fragment=""1"">150g</p>
<p data-mce-fragment=""1""> </p>
<p data-mce-fragment=""1"">ACTIVOS</p>
<p data-mce-fragment=""1"">Filtros solares UVB/UVA</p>
<p data-mce-fragment=""1"">FPS 50+</p>
<p data-mce-fragment=""1"">Vitamina E</p>
<p data-mce-fragment=""1"">Aquaxyl</p>
<p data-mce-fragment=""1"">Sepicalm</p>
<p data-mce-fragment=""1""> </p>
<p data-mce-fragment=""1"">DESCRIPCIÓN</p>
<p data-mce-fragment=""1"">Protección solar corporal contra rayos UVB/UVA para todo tipo de piel.</p>
<p data-mce-fragment=""1"">Resistente al agua.</p>
<p data-mce-fragment=""1"">Textura ligera.</p>",mishinpi,,,"",true,Title,Default Title,,,,,14,0.0,shopify,2,deny,manual,3050.00,,true,false,"",https://cdn.shopify.com/s/files/1/0415/5392/0151/products/Protectorsolarcoporalcrema.png?v=1637724366,1,,false,,,,,,,,,,,,,,,,,kg,,,active
protector-solar-fps50-emulsion-corporal,Protector Solar FPS50+ Spray Corporal,"<p>PROTECCIÓN SOLAR, CORPORAL</p>
<p>Spray invisible FPS 50+. BOV</p>
<p> </p>
<p>Spray continuo</p>
<p>Protección muy ALTA</p>
<p><span>Resistente al agua.</span></p>
<p>Piel estremadamente sensible a la quemadura solar</p>
<p>Hipoalergénico</p>
<p>Dermatológicamente testeado</p>
<p> </p>
<p> </p>
<p>PRESENTACION </p>
<p>170ml</p>
<p> </p>
<p>ACTIVOS</p>
<p>Filtros solares UVB/UVA</p>
<p>FPS 50+</p>
<p> </p>
<p> </p>
<p>DESCRIPCIÓN</p>
<p>Protección solar corporal contra rayos UVB/UVA para todo tipo de piel.</p>
<p>Spray no graso.</p>
<p>Resistente al agua.</p>
<p>Efecto sun fresh.<br></p>",mishinpi,,,"",true,Title,Default Title,,,,,15,0.0,shopify,4,deny,manual,2700.00,,true,true,"",https://cdn.shopify.com/s/files/1/0415/5392/0151/products/Protectorsolarcoporalspray.png?v=1637723410,1,,false,,,,,,,,,,,,,,,,,kg,,,active
protector-solar-fps50-spray-facial,Protector Solar FPS50+ Spray Facial,"<p>PROTECCIÓN SOLAR</p>
<p>Spray Facial. Hidratante</p>
<p> </p>
<p>Protección muy ALTA</p>
<p>Piel estremadamente sensible a la quemadura solar</p>
<p>Resistente al agua</p>
<p>Hipoalergénico</p>
<p>Dermatológicamente testeado</p>
<p>Libre de Parabenos</p>
<p> </p>
<p>Aquaxyl:</p>
<p>Activo multifuncional hidratante y reestructrante de origen natural. Mejora y fortalece la piel aumentando las resercas hídricas de la dermis y limitando su pérdida.</p>
<p> </p>
<p>Sepicalm:</p>
<p>Actúa descongestionando la piel y disminuyendo las rojeces provocadas por los rayos UV.</p>
<p> </p>
<p>PRESENTACION </p>
<p>60g</p>
<p> </p>
<p>ACTIVOS</p>
<p>Filtros solares UVB/UVA</p>
<p>FPS 50+</p>
<p>Vitamina E</p>
<p>Aquaxyl</p>
<p>Sepicalm</p>
<p> </p>
<p>DESCRIPCIÓN</p>
<p>Protección solar en spray hidratante contra rayos UVB/UVA de uso diario.</p>
<p>Previene el envejecimiento prematuro de la piel y la aparición de manchas provocandas por el sol. Textura ultra fluida y de rápida absorción. Acción hidratante reforzada que protege las reservas hidrícas evitando la TEWL.</p>",mishinpi,,,"",true,Title,Default Title,,,,,16,0.0,shopify,5,deny,manual,2000.00,,true,true,"",https://cdn.shopify.com/s/files/1/0415/5392/0151/products/Protectorsolarfacialspray.png?v=1637724140,1,,false,,,,,,,,,,,,,,,,,kg,,,active
protector-solar-facial-c-color-uvb-uva,Protector Solar FPS50+ Facial c/color,"<p data-mce-fragment=""1"">PROTECCIÓN SOLAR</p>
<p data-mce-fragment=""1"">Emulsión Facial. FPS 50+. CON COLOR</p>
<p data-mce-fragment=""1"">TOQUE SECO</p>
<p data-mce-fragment=""1""> </p>
<p data-mce-fragment=""1"">Protección muy ALTA</p>
<p data-mce-fragment=""1"">Piel extremadamente sensible a la quemadura solar</p>
<p data-mce-fragment=""1"">Hipoalergenico</p>
<p data-mce-fragment=""1"">Dermatologicamente testeado</p>
<p data-mce-fragment=""1"">Libre de parabenos</p>
<p data-mce-fragment=""1"">No graso</p>
<p data-mce-fragment=""1""> </p>
<p data-mce-fragment=""1"">PRESENTACION</p>
<p data-mce-fragment=""1"">50g</p>
<p data-mce-fragment=""1""> </p>
<p data-mce-fragment=""1"">ACTIVOS</p>
<p data-mce-fragment=""1"">Filtros solares UVB/UVA</p>
<p data-mce-fragment=""1"">FPS 50+</p>
<p data-mce-fragment=""1"">Vitamina E</p>
<p data-mce-fragment=""1""> </p>
<p data-mce-fragment=""1"">DESCRIPCIÓN</p>
<p data-mce-fragment=""1"">Protección solar diaria contra rayos UVB/UVA con color para todo tipo de piel. Previene el envejecimiento prematuro de la piel y la aparición de manchas provocadas por el sol.Textura ligera y de rápida absorcion.</p>",mishinpi,,,"",true,Title,Default Title,,,,,17,0.0,shopify,4,deny,manual,2100.00,,true,true,"",https://cdn.shopify.com/s/files/1/0415/5392/0151/products/Protectorsolarfacialconcolor.png?v=1637724348,1,,false,,,,,,,,,,,,,,,,,kg,,,active
kit-edad-de-oro,Kit Edad de Oro,"<p data-mce-fragment=""1"">La piel cambia con la edad y se vuelve más delicada.</p>
<p data-mce-fragment=""1"">La línea LA EDAD DE ORO, fue desarrollada especialmente para pieles muy maduras y secas que requieren de un cuidado específico con productos de<span data-mce-fragment=""1""> </span><strong data-mce-fragment=""1"">alto poder nutritivo e hidratante destinados a revitalizar la piel</strong>, trabajando los síntomas del envejecimiento.</p>",mishinpi,,,"",true,Title,Default Title,,,,,20-22,0.0,shopify,8,deny,manual,5400.00,6000.00,true,true,"",https://cdn.shopify.com/s/files/1/0415/5392/0151/products/ComboOro-03_1.png?v=1647478240,1,,false,,,,,,,,,,,,,,,,,kg,,,active
kit-unisex-noche,Kit Unisex Noche,"Este kit es ideal para pieles femeninas como masculinas de mediana edad, que quieran llevar a cabo una limpieza matutina.<br data-mce-fragment=""1""><br data-mce-fragment=""1"">Esta rutina contiene 2 pasos:<br data-mce-fragment=""1""><br data-mce-fragment=""1"">1. Espuma de Limpieza: aplicar una pequeña cantidad de espuma sobre la palma de la mano, y distribuir con suaves masajes sobre el cutis. Luego, enjuagar con agua tibia. <br data-mce-fragment=""1""><br data-mce-fragment=""1"">2. Hidra Filler Light: aplicar pequeñas porciones en zona T (frente, nariz y barbilla) y luego distribuir sobre las demás zonas con pequeños masajes con la yemas de los dedos.",mishinpi,,,"",true,Title,Default Title,,,,,30-31,0.0,shopify,9,deny,manual,3780.00,4650.00,true,true,"",https://cdn.shopify.com/s/files/1/0415/5392/0151/products/2.png?v=1647478711,1,,false,,,,,,,,,,,,,,,,,kg,,,active
kit-unisex-dia,Kit Unisex Día,"Este kit es ideal para pieles femeninas como masculinas de mediana edad, que quieran llevar a cabo una limpieza matutina. <br data-mce-fragment=""1""><br data-mce-fragment=""1"">Esta rutina contiene 2 pasos:<br data-mce-fragment=""1""><br data-mce-fragment=""1"">1. Espuma de Limpieza: aplicar una pequeña cantidad de espuma sobre la palma de la mano, y distribuir con suaves masajes sobre el cutis. Luego, enjuagar con agua tibia. <br data-mce-fragment=""1""><br data-mce-fragment=""1"">2. Serum Hyaluronic HA + B3 + B5: colocar unas gotas de serum sobre la yema de los dedos y luego distribuir sobre el cutis de forma suave y con golpes ligeros.",mishinpi,,,"",true,Title,Default Title,,,,,30-26,0.0,shopify,10,deny,manual,3870.00,4800.00,true,true,"",https://cdn.shopify.com/s/files/1/0415/5392/0151/products/1.png?v=1647478641,1,,false,,,,,,,,,,,,,,,,,kg,,,active
protector-solar-uvb-uva,Protector Solar FPS50+ Facial,"<p>PROTECCIÓN SOLAR</p>
<p>Emulsión Facial. FPS 50+.</p>
<p>TOQUE SECO</p>
<p> </p>
<p>Protección muy ALTA</p>
<p>Piel extremadamente sensible a la quemadura solar</p>
<p>Hipoalergenico</p>
<p>Dermatologicamente testeado</p>
<p>Libre de parabenos</p>
<p>No graso</p>
<p> </p>
<p>PRESENTACION</p>
<p>50g</p>
<p> </p>
<p>ACTIVOS</p>
<p>Filtros solares UVB/UVA</p>
<p>FPS 50+</p>
<p>Vitamina E</p>
<p> </p>
<p>DESCRIPCIÓN</p>
<p>Protección solar diaria contra rayos UVB/UVA sin color para todo tipo de piel. Previene el envejecimiento prematuro de la piel y la aparición de manchas provocadas por el sol.Textura ligera y de rápida absorcion.</p>",mishinpi,,,"",true,Title,Default Title,,,,,19,0.0,shopify,0,deny,manual,2000.00,,true,false,"",https://cdn.shopify.com/s/files/1/0415/5392/0151/products/Solar50.png?v=1636511978,1,,false,,,,,,,,,,,,,,,,,kg,,,active
oil-serum-age,OIL SERUM AGE+,"<p>LA EDAD DE ORO</p>
<p>OIL SERUM AGE+</p>
<p>Nutritivo, hidratante u humectante de uso diario para pieles post menopausicas, maduras y/o muy secas<br></p>
<p> </p>
<p>Sin Parabenos</p>
<p>Sin Fragancia</p>
<p>Free Mineral Oil</p>
<p> </p>
<p>PRESENTACION</p>
<p>30g</p>
<p> </p>
<p>Activos</p>
<p>Ederline S 2%</p>
<p>Perenityl IS 2%</p>
<p>Omega MAX 6%</p>
<p>Dragon Blood LP 2%</p>
<p>Ceramidas 1%</p>
<p>Vitamina E 0.2%</p>
<p>Amisol Trio 0.5%</p>
<p> </p>
<p>DESCIPCION</p>
<p>Nutre, ilumina y humecta mejorando la textura de la piel trabajando la elasticidad y rugosidad. Su formula nutritiva combina ácidos grasos esenciales ricos en omegas, ceramidas y fosfolipidos que mejoran la firmeza, elasticidad t textura de las pieles maduras y re secas.</p>
<p>Piel mas rejuvenecida y radiante.</p>",mishinpi,,,"",true,Title,Default Title,,,,,20,300.0,shopify,3,deny,manual,3000.00,,true,true,"",https://cdn.shopify.com/s/files/1/0415/5392/0151/products/EdaddeOroSerumAge_copia.png?v=1636511942,1,,false,,,,,,,,,,,,,,,,,kg,,,active
bb-cream,BB. CREAM,"<p>BB.CREAM</p>
<p>Maquillaje BB Cream FPS20+</p>
<p>Matificante optico instantaneo</p>
<p>Unificador de color natual, brindando un aspecto homogeneo a la piel</p>
<p>Controla el exceso de brillo</p>
<p>Efecto aterciopelado y seco</p>
<p>Ideal pieles mixtas a grasas</p>
<p> </p>
<p>PRESENTACION</p>
<p>30g</p>
<p> </p>
<p>ACTIVOS</p>
<p>Filtro Solares UVB/UVA</p>
<p>FPS 20+</p>
<p>Vitamina E</p>
<p> </p>
<p>DESCRIPCION</p>
<p>Maquillaje BB Cream FPS 20+ con nuevo efecto optico y textura aterciopelado que matidica y unifica de manera instantanea las irregularidades de la piel.  Controla el exceso de brillo siendo ideal para pieles grasas y con tendencia acneica.</p>
<p>Sin Fragancias. Sin parabenos. Oil free.</p>",mishinpi,,,"",true,Title,Default Title,,,,,21,0.0,shopify,5,deny,manual,2900.00,,true,true,"",https://cdn.shopify.com/s/files/1/0415/5392/0151/products/MISHINPIMARCA-17.png?v=1636511608,1,,false,,,,,,,,,,,,,,,,,kg,,,active
hydra-age,Hydra Age,"<p>La EDAD DE ORO</p>
<p>HYDRA AGE+</p>
<p>Nutritiva, hidratante y humectante refirzada con accion reafirmante (DMAE).</p>
<p>Para pieles post menopausicas, maduras y/o muy secas.</p>
<p> </p>
<p>Sin Parabenos</p>
<p>Sin Fragancisa</p>
<p>Free Mineral Oil</p>
<p> </p>
<p>PRESENTACION</p>
<p>50g</p>
<p> </p>
<p>ACTIVOS</p>
<p>D-Pantenol 1%</p>
<p>Omega MAX 3%</p>
<p>Oligovita 2%</p>
<p>Aceite de Jojoba 2%</p>
<p>Ceramidas 2%</p>
<p>Urea 5%</p>
<p>Manteca de Karite 0,5%</p>
<p>Vitamina E 0,1%</p>
<p>Aquaxyl 2%</p>
<p>DMAE 2%</p>
<p> </p>
<p>DESCRIPCION</p>
<p>Nutritiva, hidratante y humectante para pieles muy maduras y resecas. OmegaMax, ceramidas y aceite de jojoba conforman un elixir nutritivo de acidos grasos y omegas que potenciados por la accion tensora y reafirmante de DMAE, ayudan a restaurar y devolviendo su luminosidad y tersura.</p>
<p>Enriquecida con 5% de Urea, D-Pantenol y Azucares vegerakes que mantienen en equilibrio la himidad e hidratacion de la piel brindando una sensacion de confort y suavidad.</p>",mishinpi,,,"",true,Title,Default Title,,,,,22,0.0,shopify,5,deny,manual,3000.00,,true,true,"",https://cdn.shopify.com/s/files/1/0415/5392/0151/products/laedaddeorohydraage.png?v=1636511733,1,,false,,,,,,,,,,,,,,,,,kg,,,active
kit-rutina-noche,Rutina Noche,"<p data-mce-fragment=""1"">Este kit es ideal para aquellas pieles jóvenes que quieran llevar a cabo una limpieza nocturna. </p>
<p data-mce-fragment=""1"">Esta rutina contiene 3 pasos:</p>
<p data-mce-fragment=""1""><span>1. Espuma de Limpieza: aplicar una pequeña cantidad de espuma sobre la palma de la mano, y distribuir con suaves masajes sobre el cutis. Luego, enjuagar con agua tibia. </span></p>
<p data-mce-fragment=""1"">2. Crema Antiage: colocar unas gotas de crema sobre frente, nariz, barbilla y mejillas, extenderla de forma ascendente.</p>
<p data-mce-fragment=""1"">3. Contorno de Ojos (Líneas de Expresión): aplicar pequeñas gotas sobre la yema de dedo anular y dar pequeños toques sobre la zona donde se generan las líneas de expresión. </p>",mishinpi,,,"",true,Title,Default Title,,,,,27-24-25,0.0,shopify,9,deny,manual,6390.00,7600.00,true,false,"",https://cdn.shopify.com/s/files/1/0415/5392/0151/products/KitRutinaNoche.png?v=1647478537,1,,false,,,,,,,,,,,,,,,,,kg,,2070.00,active
kit-rutina-dia,Rutina Día,"<p>Este kit es ideal para aquellas pieles jóvenes que quieran llevar a cabo una limpieza matutina. </p>
<p>Esta rutina contiene 3 pasos:</p>
<p><span>1. Solución Micelar: aplicar la solución sobre un disco de algodón y pasarlo suavemente con movimientos circulares sobre todo el rostro. Luego enjuagar la cara con agua tibia.</span></p>
<p>2. Serum Hyaluronic HA + B3 + B5: colocar unas gotas de serum sobre la yema de los dedos y luego distribuir sobre el cutis de forma suave y con golpes ligeros. </p>
<p>3. Hidra Filler Light: aplicar pequeñas porciones en zona T (frente, nariz y barbilla) y luego distribuir sobre las demás zonas con pequeños masajes con la yemas de los dedos. </p>",mishinpi,,,"",true,Title,Default Title,,,,,30-26-31,0.0,shopify,10,deny,manual,6210.00,7850.00,true,false,"",https://cdn.shopify.com/s/files/1/0415/5392/0151/products/KitRutinadia.png?v=1647478488,1,,false,,,,,,,,,,,,,,,,,kg,,2070.00,active
crema-antiage-360,Crema Antiage 360°,"<p>Uso diario y/o nocturno</p>
<p><br><strong>Retinol + Péptidos</strong> <br>Libre de fragancias <br>Libre de parabenos</p>
<h2>
<br>PRESENTACIÓN <br>
</h2>
<p>30 g</p>
<p> </p>
<h2>ACTIVOS <br>
</h2>
<p>Gluconolactona 1% <br>Retinol palmitato (Vitamina A 2500 UI/G)<br>Matrixyl 3000 3%<br>Dragosine 0.1%<br>AlgisiumC 1%<br>Trylagen 1%<br>Lipomoist 2013 5%<br>Vitamina E 0.2%<br>Duraquench IQ 1%<br></p>
<p> </p>
<h2>
<span style=""color: #5eb587;"">DESCRIPCIÓN</span><br>
</h2>
<p>Tratamiento boost antiage que favorece la renovación celular y combate los signos del envejecimiento.<br>Retinol, Matrixyl, Carnosina y Gluconolactona.<br>Una combinación de activos que actúan en sinergia estimulando la producción de colágeno, elastina y ácido hialurónico.<br>Refuerzan la barrera cutánea protegiéndola de los agentes externos y devuelve luminosidad, elasticidad y flexibilidad a la piel.</p>",mishinpi,,,"",true,Title,Default Title,,,,,24,0.0,shopify,2,deny,manual,2700.00,3200.00,true,true,"",https://cdn.shopify.com/s/files/1/0415/5392/0151/products/Anti-age_360x_af74f48f-8942-430e-919a-111281253532.png?v=1636511666,1,,false,,,,,,,,,,,,,,,,,kg,,810.00,active
lineas-de-expresion-antiage,Líneas de Expresión Antiage,"<p>Crema revitalizante anti arrugas dinámicas o líneas de expresión. <br>Ideal coadyuvante de la toxina botulínica. <br>Para todo tipo de piel.</p>
<h2>
<br><span style=""color: #d562f8;"" data-mce-style=""color: #d562f8;"">Argireline y Leuphasyl:</span>
</h2>
<p>Péptidos contra las líneas de expresión. <br>Relaja los músculos responsables de la formación de las líneas de expresión. <br>Los músculos permanecen en reposo, frenando la formación de arrugas y líneas de expresión</p>
<h2>
<br><span style=""color: #d562f8;"" data-mce-style=""color: #d562f8;"">Oligovita:</span>
</h2>
<p>Compuesto derivado de la Maca, Arginina, Jengibre. <br>Contiene una altísima concentración de oligoelemento vegetal generando un efecto estimulante, revitalizando y rejuveneciendo pieles cansadas y envejecidas.</p>
<h2>
<br><span style=""color: #d562f8;"" data-mce-style=""color: #d562f8;"">Fotoderm:</span>
</h2>
<p>Fitoactivo: Quercetina, flavonoide. <br>Fotoprotectora. <br>Redensificante (promueve la síntesis de colágeno y su protección). <br>Anti arrugas. <br>Antioxidante.</p>
<h2>
<br>PRESENTACIÓN</h2>
<p>10 g</p>
<h2>
<br>ACTIVOS</h2>
<p>Argireline 5% <br>Leuphasyl 5% <br>Oligovita 2% <br>Fotoderm 1%</p>
<h2>
<br><span style=""color: #d562f8;"" data-mce-style=""color: #d562f8;"">DESCRIPCIÓN</span>
</h2>
<p>Contorno de ojos con ingredientes revitalizantes que renuevan la mirada. <br>Alisa y desacelera la aparición de las líneas de expresión. <br>Revitaliza y rejuvenece pieles envejecidas. <br>Sin perfume. Hipoalergénico.</p>",mishinpi,,,"",true,Title,Default Title,,,,,25,0.0,shopify,3,deny,manual,2800.00,,true,true,"",https://cdn.shopify.com/s/files/1/0415/5392/0151/products/86800436_2626704624276311_1239687660826525696_o_d3a18c4b-e791-4826-921f-9c3b15e26a44.png?v=1636512576,1,,false,,,,,,,,,,,,,,,,,kg,,810.00,active
serum-hyaluronic-filler-ha-b5-b3,Serum Hyaluronic. Filler HA + B5 B3,"<p>Gel hidratante <br>Restaurador <br>Regenerador</p>
<h2>
<br><span style=""color: #e682e6;"">Ácido Hialurónico + Hyanify:</span>
</h2>
<p>Hidrata, forma un film en la matriz superficial y entre las capas más externas de la piel, reteniendo y absorbiendo agua. Estimula la formación de endógena de HA y promueve un efecto filler de arrugas natural.</p>
<h2>
<br><span style=""color: #e682e6;"">D-Pantenol (VitaminaB5):</span>
</h2>
<p>Estimula la regeneración de los tejidos y mejora el índice de hidratación de la piel.</p>
<h2>
<br><span style=""color: #e682e6;"">Niacina (Vitamina B3):</span>
</h2>
<p>Mantiene la hidratación de la piel. Reduce manchas. <br>Aumenta la producción de colágeno, elastina y ceramidas. <br>Mejora la elasticidad.</p>
<h2>
<br><strong>PRESENTACIÓN</strong>
</h2>
<p>15 g</p>
<h2>
<br><strong>ACTIVOS</strong>
</h2>
<p>Ácido Hialurónico de alto peso molecular 0.5% <br><span>Ácido Hialurónico de bajo peso molecular 0.5%</span> <br>Hyanify 1%<br> B3 1% <br>B5 1%</p>
<h2>
<br><strong>DESCRIPCIÓN</strong>
</h2>
<p>Una fórmula única, filler, reparadora e hidratante que contiene dos tipos de ácidos hialurónicos puros: Uno de bajo pero molecular que penetra y uno de alto peso molecular que se mantiene en la superficie. Enriquecido con vitamina B5, B3 y un exopolisacárido que ayuda a reparar la barrera natural de la piel y estimula la formulación de HA endógeno. Para arrugas finas, pérdida de volumen y elasticidad, piel cansada y apagada.</p>",mishinpi,,,"",true,Title,Default Title,,,,,26,0.0,shopify,12,deny,manual,2700.00,3200.00,true,true,"",https://cdn.shopify.com/s/files/1/0415/5392/0151/products/serum-hyaluronic1-1f3257d8af689766a415949230955440-1024-1024.png?v=1636511808,1,,false,,,,,,,,,,,,,,,,,kg,,810.00,active
espuma-de-limpieza-3en1,Espuma de Limpieza 3en1,"Limpia <br>Desmaquilla <br>Hidrata <br><strong>Pieles normales a mixtas</strong>
<p>No requiere enjuague</p>
<p> </p>
<h2><span style=""color: #52bec6; font-size: 1.4em;"">Extracto glicólico de aloe vera:</span></h2>
<ul></ul>
<p>Hidrata, nutre y suaviza la piel. <br>Propiedades de cicatrización y regeneración de la piel.</p>
<p> </p>
<h2><span style=""color: #52bec6; font-size: 1.4em;"">Alatonia:</span></h2>
<ul></ul>
Remueve la piel muerta permitiendo la limpieza cutánea. <br>Actúa como antiséptico.
<p> </p>
<h2><span style=""color: #52bec6; font-size: 1.4em;"">Lactil:</span></h2>
<ul></ul>
<p>Sodium Lactate; Sodium PCA; Glucine; Fructose; Urea; Niacinamide; Inositol; Lactic Acid</p>
<p> </p>
<h2><strong>PRESENTACIÓN</strong></h2>
<p>120 ml</p>
<h2>
<br><strong>ACTIVOS</strong>
</h2>
<p>Tensioactivos de baja irritación, <br>extracto de Aloe Vera 2% <br>Alatoina 0,1% <br>Lactil 0.7%</p>
<h2>
<br> <span style=""color: #52bec6;""><strong>DESCRIPCIÓN</strong></span>
</h2>
<p>Limpia, Desmaquilla e hidrata. Su fórmula en espuma retira rápida, suave y fácilmente el maquillaje. Deja la piel visiblemente más fresca, limpia e hidratada. Apto para pieles sensibles.</p>",mishinpi,,,"",true,Title,Default Title,,,,,27,0.0,shopify,6,deny,manual,1600.00,,true,true,"",https://cdn.shopify.com/s/files/1/0415/5392/0151/products/102669591_114346750312406_511650154673911326_1.png?v=1636511697,1,,false,,,,,,,,,,,,,,,,,kg,,,active
bolsas-y-ojeras-antiage,Bolsas y Ojeras. Antiage,"<p>Crema descongestiva<br>Aclarante e hidratante<br>Con acción tensora y antiedema<br>Proporciona iluminación y efecto descansado</p>
<p><span style=""color: #e024e9;"">Citobiol lumine eye:</span></p>
<p><span style=""color: #e024e9;""><span style=""color: #000000;"">Alto contenido de vitamina B3 y silicio orgánico.</span></span><br><span style=""color: #e024e9;""><span style=""color: #000000;"">Fuertes propiedades vasculo-protectora mejorando la microcirculación, el drenaje y reduciendo las bolsas y ojeras. Fortalece la estructura y elasticidad de vasos sanguíneos.</span></span><br><span style=""color: #e024e9;""><span style=""color: #000000;"">Estimula la síntesis de colágeno.</span></span></p>
<p><span style=""color: #e024e9;"">Eyeseryl:</span></p>
<span style=""color: #000000;"">Péptido con acción antiedémica.</span>
<ul>
<li><span style=""color: #000000;"">Reduce bolsas y ojeras</span></li>
<li><span style=""color: #000000;"">Efecto drenante y descongestivo</span></li>
<li><span style=""color: #000000;"">Mejora la elasticidad de la piel</span></li>
</ul>
<p><span style=""color: #e024e9;"">Lipomoist 2013:</span></p>
<p><span style=""color: #000000;"">Forma un potente film hidratante sobre la piel que contribuye a reducir al mínimo la pérdida transepidérmica de agua mientras la restaura, al revitaliza e ilumina.</span><br><span style=""color: #000000;"">Forma un sistema de liberación que ayuda a los activos a penetrar más fácilmente. </span></p>
<h3><span style=""color: #e024e9;"">DESCRIPCIÓN</span></h3>
<p><span style=""color: #000000;"">Descongestiona y calma. Reduce la inflamación, aclara ojeras y rejuvenece la mirada.</span><br><span style=""color: #000000;"">Hidrata y fortalece.</span><br><span style=""color: #000000;"">Efecto soft focus.</span></p>
<h3><span style=""color: #000000;"">ACTIVOS</span></h3>
<span style=""color: #000000;"">Eyeseryl 5%</span><br><span style=""color: #000000;"">Cytobiol luminin eye 5%</span><br><span style=""color: #000000;"">Lipomoist 2013 5%</span><br><span style=""color: #000000;"">9701 5%</span>
<h3><span style=""color: #000000;"">PRESENTACIÓN</span></h3>
<span style=""color: #000000;"">10g</span>",midermis,,,"",true,Title,Default Title,,,,,28,0.0,shopify,4,deny,manual,2800.00,,true,true,"",https://cdn.shopify.com/s/files/1/0415/5392/0151/products/86800436_2626704624276311_1239687660826525696_o.png?v=1636512522,1,,false,,,,,,,,,,,,,,,,,kg,,810.00,active
sulderm-hydra-filler-intense,Sulderm Hydra Filler Intense,"<p>Crema de uso diario</p>
<p>ADN Protection<br>Hidratación Intensa<br>Pieles secas y maduras<br>Libre de fragancia<br>Libre de parabenos</p>
<h3><span style=""color: #ffb6ef;"">DESCRIPCIÓN</span></h3>
<p><span style=""color: #362135;"">Para pieles secas y maduras. Disminuye la deshidratación y la pérdida de volumen. Con una combinación concentrada de activos hidratantes y protectores del ADN que reparan y fortalecen la estructura celular. Previenen la senescencia celular y mantienen un funcionamiento adecuado de las mismas. Rica en minerales vegetales que revitalizan las pieles cansadas y devuelven su luminosidad. Enriquecida con ácido hialurónico para un efecto filler natural y una hidratación duradera. </span></p>
<h3><span style=""color: #362135;"">ACTIVOS</span></h3>
<p><span style=""color: #362135;"">Lipomoist 2013 5%</span><br><span style=""color: #362135;"">Hyanify 2%</span><br><span style=""color: #362135;"">Trylagen 2%</span><br><span style=""color: #362135;"">Oligovita 2%</span><br><span style=""color: #362135;"">Aquaxyl 2%</span><br><span style=""color: #362135;"">Stimutex 1%</span><br><span style=""color: #362135;"">Ácido Hialurónico 0,05%</span><br><span style=""color: #362135;"">Juveleven 2%</span></p>
<h3><span style=""color: #362135;"">PRESENTACIÓN</span></h3>
<p><span style=""color: #362135;"">50g</span></p>
<p> </p>",midermis,,,"",true,Title,Default Title,,,,,29,0.0,shopify,9,deny,manual,2800.00,,true,true,"",https://cdn.shopify.com/s/files/1/0415/5392/0151/products/3990e0_a8060cc30aca4f3ebb16fd555da7b524_mv3.png?v=1636512625,1,,false,,,,,,,,,,,,,,,,,kg,,810.00,active
agua-micelar-3-en-2,Agua Micelar 3 en 1,"<p>Limpia<br>Desmaquilla<br>Hidrata<br><strong>Pieles sensibles y/o normales a secas</strong>No requiere enjuague </p>
<p><span style=""color: #00aaff;"">Micelas de ésteres de ácidos grasos</span><br><span style=""color: #000000;"">Conforman el film hidrolipídico de la piel re estructurándolo y preservándolo durante las 24hs.</span></p>
<p><span style=""color: #00aaff;"">D-Pantelon:</span><br><span style=""color: #000000;"">Estimula la regeneración de los tejidos y mejora el índice de hidratación de la piel. </span></p>
<p><span style=""color: #00aaff;"">Lactil:</span><br><span style=""color: #000000;"">Sodium Lactate; Sodium PCA; Glycine; Fructose; Urea; Niacinamide; Inositol; Lactic Acid. <br></span><span style=""color: #00aaff;""></span></p>
<p><span style=""color: #00aaff;"">MEZCLA DE HUMECTANTES E HIDRATANTES</span></p>
<h3><span style=""color: #00aaff;"">DESCRIPCIÓN</span></h3>
<p>Limpia, desmaquilla e hidrata, Su fórmula micelar limpia las pieles de normales a mixtas en un sólo paso. Deja la piel hidratada y fresca. Apta para pieles sensibles y mixtas. Reemplaza en un sólo paso a los productos de higiene y tónico. Reconstruye el film hidrolipídico, fortalece la barrera cutánea y evita su resecamiento. </p>
<h3>ACTIVOS</h3>
<p>Micelas de ésteres de ácidos grasos.<br>D-Pantenol 0,5%<br>Lactil 0,7%</p>
<h3>PRESENTACIÓN</h3>
<p>200 ml</p>
<p> </p>",midermis,,,"",true,Title,Default Title,,,,,30,0.0,shopify,5,deny,manual,1600.00,,true,false,"",https://cdn.shopify.com/s/files/1/0415/5392/0151/products/AguaMicelar_470x_aec9874f-ac1a-488e-9ffe-a667fe1ab853.png?v=1647477730,1,,false,,,,,,,,,,,,,,,,,kg,,,active
sulderm-hidra-filler-light,Sulderm Hydra Filler Light,"<p>Crema de uso diario</p>
<p><br><strong>ADN Protection</strong><br><strong>Pieles normales a mixtas</strong><br><strong>Libre de fragancias</strong><br><strong>Libre de parabenos</strong><br></p>
<h3><span style=""color: #ffb6ef;"">DESCRIPCIÓN:</span></h3>
<p>Efecto Hidratante y duradero en la piel. Con una combinación de activos hidratantes y protectores del ADN que reparan y fortalecen la estructura celular. Previenen la senescencia celular y mantienen un funcionamiento adecuando de las mismas. Rica en minerales vegetales que mantienen una piel joven e iluminada.<br>Con ácido hialurónico que promueve un efecto filler natural.<br>Para pieles de normales a mixtas.</p>
<h3>ACTIVOS:</h3>
Lipmois! 2013 5%Huanify 1%<br>Trylagen 1%<br>Oligovita 1%<br>Aquaxyl 2%<br>Stimutex 1%<br>Ácido Hialurónico 0.05%<br>Juvelen 1%<br>
<h3>Presentaccion:</h3>
<p>50 grs.</p>
<p> </p>
<p> </p>",midermis,,,"",true,Title,Default Title,,,,,31,50.0,shopify,13,deny,manual,2600.00,3050.00,true,true,"",https://cdn.shopify.com/s/files/1/0415/5392/0151/products/HydrafillerLightSulderm1.png?v=1636512672,1,,false,,,,,,,,,,,,,,,,,g,,810.00,active
